{
  "p_value": 0.09048505502570989,
  "z_score": -1.6928445775326642,
  "significant": false,
  "ci_separation": false
}
